suite,benchmark,defect,control,method,seed,level,performance,loss,initial_loss,frame_recovered,reframe_cost,reframed,fde,candidates
multiedit,hidden_variable_pair,multi_edit_variable_addition,False,Fixed-Frame,0,L3,0.6259149699115069,3.789255502444941,3.789255502444941,0.0,0.0,0.0,0.0,37
multiedit,hidden_variable_pair,multi_edit_variable_addition,False,EIC-Greedy,0,L3,0.7611348755761629,1.9897110986163522,3.789255502444941,0.0,1.0,1.0,0.06760995283232801,37
multiedit,hidden_variable_pair,multi_edit_variable_addition,False,EIC-Beam,0,L3,0.9551484873033068,0.29771800635808915,3.789255502444941,1.0,2.0,1.0,0.10974450579726665,37
multiedit,hidden_variable_pair,multi_edit_variable_addition,False,Oracle,0,L3,0.9551484873033068,0.29771800635808915,3.789255502444941,1.0,2.0,1.0,0.10974450579726665,37
multiedit,hidden_variable_pair,multi_edit_variable_addition,False,Fixed-Frame,1,L3,0.6087618788978222,4.106893596063754,4.106893596063754,0.0,0.0,0.0,0.0,37
multiedit,hidden_variable_pair,multi_edit_variable_addition,False,EIC-Greedy,1,L3,0.7151705979553852,2.5450416962099105,4.106893596063754,0.0,1.0,1.0,0.0532043595287815,37
multiedit,hidden_variable_pair,multi_edit_variable_addition,False,EIC-Beam,1,L3,0.9616112042625966,0.2551083705488682,4.106893596063754,1.0,2.0,1.0,0.11761644178825814,37
multiedit,hidden_variable_pair,multi_edit_variable_addition,False,Oracle,1,L3,0.9616112042625966,0.2551083705488682,4.106893596063754,1.0,2.0,1.0,0.11761644178825814,37
multiedit,hidden_variable_pair,multi_edit_variable_addition,False,Fixed-Frame,2,L3,0.595309373370578,4.405171774453098,4.405171774453098,0.0,0.0,0.0,0.0,37
multiedit,hidden_variable_pair,multi_edit_variable_addition,False,EIC-Greedy,2,L3,0.6924401194740673,2.8782590842805544,4.405171774453098,0.0,1.0,1.0,0.04856537305174463,37
multiedit,hidden_variable_pair,multi_edit_variable_addition,False,EIC-Beam,2,L3,0.962889181170727,0.24975066483194935,4.405171774453098,1.0,2.0,1.0,0.12252660260004966,37
multiedit,hidden_variable_pair,multi_edit_variable_addition,False,Oracle,2,L3,0.962889181170727,0.24975066483194935,4.405171774453098,1.0,2.0,1.0,0.12252660260004966,37
multiedit,hidden_variable_pair,multi_edit_variable_addition,False,Fixed-Frame,3,L3,0.586829112146203,4.464361329814794,4.464361329814794,0.0,0.0,0.0,0.0,37
multiedit,hidden_variable_pair,multi_edit_variable_addition,False,EIC-Greedy,3,L3,0.7158636881828918,2.516736108951389,4.464361329814794,0.0,1.0,1.0,0.06451728801834439,37
multiedit,hidden_variable_pair,multi_edit_variable_addition,False,EIC-Beam,3,L3,0.9654099174287661,0.22718576599256968,4.464361329814794,1.0,2.0,1.0,0.12619360176085437,37
multiedit,hidden_variable_pair,multi_edit_variable_addition,False,Oracle,3,L3,0.9654099174287661,0.22718576599256968,4.464361329814794,1.0,2.0,1.0,0.12619360176085437,37
multiedit,hidden_variable_pair,multi_edit_variable_addition,False,Fixed-Frame,4,L3,0.5847730218335442,4.414100925689633,4.414100925689633,0.0,0.0,0.0,0.0,37
multiedit,hidden_variable_pair,multi_edit_variable_addition,False,EIC-Greedy,4,L3,0.7394176637024298,2.190782065326599,4.414100925689633,0.0,1.0,1.0,0.0773223209344428,37
multiedit,hidden_variable_pair,multi_edit_variable_addition,False,EIC-Beam,4,L3,0.9623781413040783,0.2430180446843397,4.414100925689633,1.0,2.0,1.0,0.1258683731568447,37
multiedit,hidden_variable_pair,multi_edit_variable_addition,False,Oracle,4,L3,0.9623781413040783,0.2430180446843397,4.414100925689633,1.0,2.0,1.0,0.1258683731568447,37
multiedit,hidden_variable_pair,multi_edit_variable_addition,False,Fixed-Frame,5,L3,0.592431704457976,5.651583695197158,5.651583695197158,0.0,0.0,0.0,0.0,37
multiedit,hidden_variable_pair,multi_edit_variable_addition,False,EIC-Greedy,5,L3,0.7689836098102704,2.4679353145930567,5.651583695197158,0.0,1.0,1.0,0.08827595267614718,37
multiedit,hidden_variable_pair,multi_edit_variable_addition,False,EIC-Beam,5,L3,0.9676574186571705,0.274575075055684,5.651583695197158,1.0,2.0,1.0,0.12507523806639817,37
multiedit,hidden_variable_pair,multi_edit_variable_addition,False,Oracle,5,L3,0.9676574186571705,0.274575075055684,5.651583695197158,1.0,2.0,1.0,0.12507523806639817,37
multiedit,hidden_variable_pair,multi_edit_variable_addition,False,Fixed-Frame,6,L3,0.621196840448422,4.454461121899036,4.454461121899036,0.0,0.0,0.0,0.0,37
multiedit,hidden_variable_pair,multi_edit_variable_addition,False,EIC-Greedy,6,L3,0.7833992906991712,2.0197030377484397,4.454461121899036,0.0,1.0,1.0,0.0811012251253746,37
multiedit,hidden_variable_pair,multi_edit_variable_addition,False,EIC-Beam,6,L3,0.9689017503061411,0.2344590624585612,4.454461121899036,1.0,2.0,1.0,0.11590163661923969,37
multiedit,hidden_variable_pair,multi_edit_variable_addition,False,Oracle,6,L3,0.9689017503061411,0.2344590624585612,4.454461121899036,1.0,2.0,1.0,0.11590163661923969,37
multiedit,hidden_variable_pair,multi_edit_variable_addition,False,Fixed-Frame,7,L3,0.5965620785799791,4.900769938492925,4.900769938492925,0.0,0.0,0.0,0.0,37
multiedit,hidden_variable_pair,multi_edit_variable_addition,False,EIC-Greedy,7,L3,0.7501915928313098,2.4131154407686743,4.900769938492925,0.0,1.0,1.0,0.07681475712566532,37
multiedit,hidden_variable_pair,multi_edit_variable_addition,False,EIC-Beam,7,L3,0.969218168148076,0.23015274349862955,4.900769938492925,1.0,2.0,1.0,0.12421869652269897,37
multiedit,hidden_variable_pair,multi_edit_variable_addition,False,Oracle,7,L3,0.969218168148076,0.23015274349862955,4.900769938492925,1.0,2.0,1.0,0.12421869652269897,37
multiedit,hidden_variable_pair,multi_edit_variable_addition,False,Fixed-Frame,8,L3,0.6331822505773002,4.070178077769263,4.070178077769263,0.0,0.0,0.0,0.0,37
multiedit,hidden_variable_pair,multi_edit_variable_addition,False,EIC-Greedy,8,L3,0.7610837564055783,2.205489659266889,4.070178077769263,0.0,1.0,1.0,0.0639507529141391,37
multiedit,hidden_variable_pair,multi_edit_variable_addition,False,EIC-Beam,8,L3,0.9630610426520426,0.26947756750515417,4.070178077769263,1.0,2.0,1.0,0.1099595973582475,37
multiedit,hidden_variable_pair,multi_edit_variable_addition,False,Oracle,8,L3,0.9630610426520426,0.26947756750515417,4.070178077769263,1.0,2.0,1.0,0.1099595973582475,37
multiedit,hidden_variable_pair,multi_edit_variable_addition,False,Fixed-Frame,9,L3,0.611789963654903,4.658966661436841,4.658966661436841,0.0,0.0,0.0,0.0,37
multiedit,hidden_variable_pair,multi_edit_variable_addition,False,EIC-Greedy,9,L3,0.7668401226506673,2.232411145755367,4.658966661436841,0.0,1.0,1.0,0.07752507949788212,37
multiedit,hidden_variable_pair,multi_edit_variable_addition,False,EIC-Beam,9,L3,0.9698673393474309,0.22811315860354572,4.658966661436841,1.0,2.0,1.0,0.11935912523084262,37
multiedit,hidden_variable_pair,multi_edit_variable_addition,False,Oracle,9,L3,0.9698673393474309,0.22811315860354572,4.658966661436841,1.0,2.0,1.0,0.11935912523084262,37
multiedit,hidden_variable_pair,multi_edit_variable_addition,False,Fixed-Frame,10,L3,0.6102683379656626,4.83260564053255,4.83260564053255,0.0,0.0,0.0,0.0,37
multiedit,hidden_variable_pair,multi_edit_variable_addition,False,EIC-Greedy,10,L3,0.7664171787383742,2.3062807514268955,4.83260564053255,0.0,1.0,1.0,0.07807442038635581,37
multiedit,hidden_variable_pair,multi_edit_variable_addition,False,EIC-Beam,10,L3,0.9668775628020209,0.2592312227986882,4.83260564053255,1.0,2.0,1.0,0.11886974161211943,37
multiedit,hidden_variable_pair,multi_edit_variable_addition,False,Oracle,10,L3,0.9668775628020209,0.2592312227986882,4.83260564053255,1.0,2.0,1.0,0.11886974161211943,37
multiedit,hidden_variable_pair,multi_edit_variable_addition,False,Fixed-Frame,11,L3,0.6516590737271653,3.8004646283768033,3.8004646283768033,0.0,0.0,0.0,0.0,37
multiedit,hidden_variable_pair,multi_edit_variable_addition,False,EIC-Greedy,11,L3,0.7671195139343143,2.158354155052214,3.8004646283768033,0.0,1.0,1.0,0.05773022010357454,37
multiedit,hidden_variable_pair,multi_edit_variable_addition,False,EIC-Beam,11,L3,0.9618887120543922,0.28169649072831265,3.8004646283768033,1.0,2.0,1.0,0.10340987944240898,37
multiedit,hidden_variable_pair,multi_edit_variable_addition,False,Oracle,11,L3,0.9618887120543922,0.28169649072831265,3.8004646283768033,1.0,2.0,1.0,0.10340987944240898,37
multiedit,hidden_variable_pair,multi_edit_variable_addition,False,Fixed-Frame,12,L3,0.5802375982313512,4.840470855211431,4.840470855211431,0.0,0.0,0.0,0.0,37
multiedit,hidden_variable_pair,multi_edit_variable_addition,False,EIC-Greedy,12,L3,0.7286308846579851,2.491969848229511,4.840470855211431,0.0,1.0,1.0,0.07419664321331693,37
multiedit,hidden_variable_pair,multi_edit_variable_addition,False,EIC-Beam,12,L3,0.9630143847262336,0.2569744905307143,4.840470855211431,1.0,2.0,1.0,0.12759226216496078,37
multiedit,hidden_variable_pair,multi_edit_variable_addition,False,Oracle,12,L3,0.9630143847262336,0.2569744905307143,4.840470855211431,1.0,2.0,1.0,0.12759226216496078,37
multiedit,hidden_variable_pair,multi_edit_variable_addition,False,Fixed-Frame,13,L3,0.5962059292569167,4.744217571640013,4.744217571640013,0.0,0.0,0.0,0.0,37
multiedit,hidden_variable_pair,multi_edit_variable_addition,False,EIC-Greedy,13,L3,0.7286909851242963,2.6080852239130166,4.744217571640013,0.0,1.0,1.0,0.06624252793368979,37
multiedit,hidden_variable_pair,multi_edit_variable_addition,False,EIC-Beam,13,L3,0.9580250892001704,0.306911986443698,4.744217571640013,1.0,2.0,1.0,0.12060638664775121,37
multiedit,hidden_variable_pair,multi_edit_variable_addition,False,Oracle,13,L3,0.9580250892001704,0.306911986443698,4.744217571640013,1.0,2.0,1.0,0.12060638664775121,37
multiedit,hidden_variable_pair,multi_edit_variable_addition,False,Fixed-Frame,14,L3,0.6327115286647567,4.363636920784796,4.363636920784796,0.0,0.0,0.0,0.0,37
multiedit,hidden_variable_pair,multi_edit_variable_addition,False,EIC-Greedy,14,L3,0.7543643098837135,2.4476955284208257,4.363636920784796,0.0,1.0,1.0,0.06082639060947842,37
multiedit,hidden_variable_pair,multi_edit_variable_addition,False,EIC-Beam,14,L3,0.9699342953092279,0.23301084280249137,4.363636920784796,1.0,2.0,1.0,0.11240758888149043,37
multiedit,hidden_variable_pair,multi_edit_variable_addition,False,Oracle,14,L3,0.9699342953092279,0.23301084280249137,4.363636920784796,1.0,2.0,1.0,0.11240758888149043,37
multiedit,hidden_variable_pair,multi_edit_variable_addition,False,Fixed-Frame,15,L3,0.5707034277209979,4.518652154894252,4.518652154894252,0.0,0.0,0.0,0.0,37
multiedit,hidden_variable_pair,multi_edit_variable_addition,False,EIC-Greedy,15,L3,0.7177874171058577,2.3617966569845334,4.518652154894252,0.0,1.0,1.0,0.07354199469242989,37
multiedit,hidden_variable_pair,multi_edit_variable_addition,False,EIC-Beam,15,L3,0.9609669443753496,0.24399789091477325,4.518652154894252,1.0,2.0,1.0,0.1300878388847839,37
multiedit,hidden_variable_pair,multi_edit_variable_addition,False,Oracle,15,L3,0.9609669443753496,0.24399789091477325,4.518652154894252,1.0,2.0,1.0,0.1300878388847839,37
multiedit,hidden_variable_pair,multi_edit_variable_addition,False,Fixed-Frame,16,L3,0.6007705600541072,4.264323681755056,4.264323681755056,0.0,0.0,0.0,0.0,37
multiedit,hidden_variable_pair,multi_edit_variable_addition,False,EIC-Greedy,16,L3,0.7712464946161196,1.9033155681749303,4.264323681755056,0.0,1.0,1.0,0.08523796728100619,37
multiedit,hidden_variable_pair,multi_edit_variable_addition,False,EIC-Beam,16,L3,0.9590738177113629,0.27383278563540364,4.264323681755056,1.0,2.0,1.0,0.11943441921908522,37
multiedit,hidden_variable_pair,multi_edit_variable_addition,False,Oracle,16,L3,0.9590738177113629,0.27383278563540364,4.264323681755056,1.0,2.0,1.0,0.11943441921908522,37
multiedit,hidden_variable_pair,multi_edit_variable_addition,False,Fixed-Frame,17,L3,0.6088758704810707,5.210641266801591,5.210641266801591,0.0,0.0,0.0,0.0,37
multiedit,hidden_variable_pair,multi_edit_variable_addition,False,EIC-Greedy,17,L3,0.7718971348864766,2.3970474988549593,5.210641266801591,0.0,1.0,1.0,0.08151063220270294,37
multiedit,hidden_variable_pair,multi_edit_variable_addition,False,EIC-Beam,17,L3,0.9711581221179344,0.24090117348033957,5.210641266801591,1.0,2.0,1.0,0.12076075054562123,37
multiedit,hidden_variable_pair,multi_edit_variable_addition,False,Oracle,17,L3,0.9711581221179344,0.24090117348033957,5.210641266801591,1.0,2.0,1.0,0.12076075054562123,37
multiedit,hidden_variable_pair,multi_edit_variable_addition,False,Fixed-Frame,18,L3,0.5788433656881259,4.794271696261321,4.794271696261321,0.0,0.0,0.0,0.0,37
multiedit,hidden_variable_pair,multi_edit_variable_addition,False,EIC-Greedy,18,L3,0.746756411931467,2.2345987623176273,4.794271696261321,0.0,1.0,1.0,0.08395652312167057,37
multiedit,hidden_variable_pair,multi_edit_variable_addition,False,EIC-Beam,18,L3,0.9532525964545435,0.32313913146857953,4.794271696261321,1.0,2.0,1.0,0.12480307692213921,37
multiedit,hidden_variable_pair,multi_edit_variable_addition,False,Oracle,18,L3,0.9532525964545435,0.32313913146857953,4.794271696261321,1.0,2.0,1.0,0.12480307692213921,37
multiedit,hidden_variable_pair,multi_edit_variable_addition,False,Fixed-Frame,19,L3,0.6077225321852799,4.203407400224975,4.203407400224975,0.0,0.0,0.0,0.0,37
multiedit,hidden_variable_pair,multi_edit_variable_addition,False,EIC-Greedy,19,L3,0.7437441923094162,2.2436938079576043,4.203407400224975,0.0,1.0,1.0,0.06801083006206815,37
multiedit,hidden_variable_pair,multi_edit_variable_addition,False,EIC-Beam,19,L3,0.9680911188167763,0.2146390813425023,4.203407400224975,1.0,2.0,1.0,0.1201228622104988,37
multiedit,hidden_variable_pair,multi_edit_variable_addition,False,Oracle,19,L3,0.9680911188167763,0.2146390813425023,4.203407400224975,1.0,2.0,1.0,0.1201228622104988,37
multiedit,hidden_variable_pair,multi_edit_variable_addition,False,Fixed-Frame,20,L3,0.6161349496153773,4.4449316103506185,4.4449316103506185,0.0,0.0,0.0,0.0,37
multiedit,hidden_variable_pair,multi_edit_variable_addition,False,EIC-Greedy,20,L3,0.7357268973825366,2.562705403417576,4.4449316103506185,0.0,1.0,1.0,0.059795973883579656,37
multiedit,hidden_variable_pair,multi_edit_variable_addition,False,EIC-Beam,20,L3,0.9701272236237375,0.21968947487347426,4.4449316103506185,1.0,2.0,1.0,0.1179974246694534,37
multiedit,hidden_variable_pair,multi_edit_variable_addition,False,Oracle,20,L3,0.9701272236237375,0.21968947487347426,4.4449316103506185,1.0,2.0,1.0,0.1179974246694534,37
multiedit,hidden_variable_pair,multi_edit_variable_addition,False,Fixed-Frame,21,L3,0.592909226824719,3.9108130525092966,3.9108130525092966,0.0,0.0,0.0,0.0,37
multiedit,hidden_variable_pair,multi_edit_variable_addition,False,EIC-Greedy,21,L3,0.7251655236637288,2.1587287168502978,3.9108130525092966,0.0,1.0,1.0,0.06612814841950487,37
multiedit,hidden_variable_pair,multi_edit_variable_addition,False,EIC-Beam,21,L3,0.9645269787220107,0.2094825275915356,3.9108130525092966,1.0,2.0,1.0,0.12387258396576388,37
multiedit,hidden_variable_pair,multi_edit_variable_addition,False,Oracle,21,L3,0.9645269787220107,0.2094825275915356,3.9108130525092966,1.0,2.0,1.0,0.12387258396576388,37
multiedit,hidden_variable_pair,multi_edit_variable_addition,False,Fixed-Frame,22,L3,0.6239909987311276,4.790675015387564,4.790675015387564,0.0,0.0,0.0,0.0,37
multiedit,hidden_variable_pair,multi_edit_variable_addition,False,EIC-Greedy,22,L3,0.7662029106250535,2.4258955435031377,4.790675015387564,0.0,1.0,1.0,0.07110595594696295,37
multiedit,hidden_variable_pair,multi_edit_variable_addition,False,EIC-Beam,22,L3,0.9635546179797928,0.30070660234921626,4.790675015387564,1.0,2.0,1.0,0.1131878730828884,37
multiedit,hidden_variable_pair,multi_edit_variable_addition,False,Oracle,22,L3,0.9635546179797928,0.30070660234921626,4.790675015387564,1.0,2.0,1.0,0.1131878730828884,37
multiedit,hidden_variable_pair,multi_edit_variable_addition,False,Fixed-Frame,23,L3,0.5919405095942719,4.9831983660605506,4.9831983660605506,0.0,0.0,0.0,0.0,37
multiedit,hidden_variable_pair,multi_edit_variable_addition,False,EIC-Greedy,23,L3,0.7470936861651141,2.4470754509295682,4.9831983660605506,0.0,1.0,1.0,0.07757658828542108,37
multiedit,hidden_variable_pair,multi_edit_variable_addition,False,EIC-Beam,23,L3,0.9682711855745252,0.23687519847923474,4.9831983660605506,1.0,2.0,1.0,0.12544355866008441,37
multiedit,hidden_variable_pair,multi_edit_variable_addition,False,Oracle,23,L3,0.9682711855745252,0.23687519847923474,4.9831983660605506,1.0,2.0,1.0,0.12544355866008441,37
multiedit,hidden_variable_pair,multi_edit_variable_addition,False,Fixed-Frame,24,L3,0.6135639850462887,4.717262184133955,4.717262184133955,0.0,0.0,0.0,0.0,37
multiedit,hidden_variable_pair,multi_edit_variable_addition,False,EIC-Greedy,24,L3,0.7546262427046468,2.435389832403097,4.717262184133955,0.0,1.0,1.0,0.07053112882917906,37
multiedit,hidden_variable_pair,multi_edit_variable_addition,False,EIC-Beam,24,L3,0.9713849479443495,0.2206355299646333,4.717262184133955,1.0,2.0,1.0,0.11927365429935359,37
multiedit,hidden_variable_pair,multi_edit_variable_addition,False,Oracle,24,L3,0.9713849479443495,0.2206355299646333,4.717262184133955,1.0,2.0,1.0,0.11927365429935359,37
multiedit,hidden_variable_pair,multi_edit_variable_addition,False,Fixed-Frame,25,L3,0.6164513356829571,5.437065196456918,5.437065196456918,0.0,0.0,0.0,0.0,37
multiedit,hidden_variable_pair,multi_edit_variable_addition,False,EIC-Greedy,25,L3,0.8045784338288702,2.122496418323998,5.437065196456918,0.0,1.0,1.0,0.09406354907295655,37
multiedit,hidden_variable_pair,multi_edit_variable_addition,False,EIC-Beam,25,L3,0.9770049074009018,0.20567489372607017,5.437065196456918,1.0,2.0,1.0,0.1201845239059816,37
multiedit,hidden_variable_pair,multi_edit_variable_addition,False,Oracle,25,L3,0.9770049074009018,0.20567489372607017,5.437065196456918,1.0,2.0,1.0,0.1201845239059816,37
multiedit,hidden_variable_pair,multi_edit_variable_addition,False,Fixed-Frame,26,L3,0.6231849294068352,4.244582606774509,4.244582606774509,0.0,0.0,0.0,0.0,37
multiedit,hidden_variable_pair,multi_edit_variable_addition,False,EIC-Greedy,26,L3,0.7895340895567867,1.871261767897823,4.244582606774509,0.0,1.0,1.0,0.08317458007497575,37
multiedit,hidden_variable_pair,multi_edit_variable_addition,False,EIC-Beam,26,L3,0.9681781812180161,0.23072432035379953,4.244582606774509,1.0,2.0,1.0,0.11499775060372697,37
multiedit,hidden_variable_pair,multi_edit_variable_addition,False,Oracle,26,L3,0.9681781812180161,0.23072432035379953,4.244582606774509,1.0,2.0,1.0,0.11499775060372697,37
multiedit,hidden_variable_pair,multi_edit_variable_addition,False,Fixed-Frame,27,L3,0.5949572824042388,4.601491239067544,4.601491239067544,0.0,0.0,0.0,0.0,37
multiedit,hidden_variable_pair,multi_edit_variable_addition,False,EIC-Greedy,27,L3,0.7407517308102101,2.365520666819408,4.601491239067544,0.0,1.0,1.0,0.07289722420298561,37
multiedit,hidden_variable_pair,multi_edit_variable_addition,False,EIC-Beam,27,L3,0.9625419045000935,0.26303261513643006,4.601491239067544,1.0,2.0,1.0,0.12252820736528487,37
multiedit,hidden_variable_pair,multi_edit_variable_addition,False,Oracle,27,L3,0.9625419045000935,0.26303261513643006,4.601491239067544,1.0,2.0,1.0,0.12252820736528487,37
multiedit,hidden_variable_pair,multi_edit_variable_addition,False,Fixed-Frame,28,L3,0.623097940381656,3.802609091487461,3.802609091487461,0.0,0.0,0.0,0.0,37
multiedit,hidden_variable_pair,multi_edit_variable_addition,False,EIC-Greedy,28,L3,0.7335253121545986,2.283759381882196,3.802609091487461,0.0,1.0,1.0,0.0552136858864713,37
multiedit,hidden_variable_pair,multi_edit_variable_addition,False,EIC-Beam,28,L3,0.9675498613494956,0.21083984532704358,3.802609091487461,1.0,2.0,1.0,0.11481730698927987,37
multiedit,hidden_variable_pair,multi_edit_variable_addition,False,Oracle,28,L3,0.9675498613494956,0.21083984532704358,3.802609091487461,1.0,2.0,1.0,0.11481730698927987,37
multiedit,hidden_variable_pair,multi_edit_variable_addition,False,Fixed-Frame,29,L3,0.6052767347971194,4.409370116185596,4.409370116185596,0.0,0.0,0.0,0.0,37
multiedit,hidden_variable_pair,multi_edit_variable_addition,False,EIC-Greedy,29,L3,0.7008148770969195,2.8865194785932458,4.409370116185596,0.0,1.0,1.0,0.04776907114990003,37
multiedit,hidden_variable_pair,multi_edit_variable_addition,False,EIC-Beam,29,L3,0.9596732343373873,0.28412393450424134,4.409370116185596,1.0,2.0,1.0,0.11813216651342262,37
multiedit,hidden_variable_pair,multi_edit_variable_addition,False,Oracle,29,L3,0.9596732343373873,0.28412393450424134,4.409370116185596,1.0,2.0,1.0,0.11813216651342262,37
multiedit,hidden_variable_pair,multi_edit_variable_addition,False,Fixed-Frame,30,L3,0.6037006025411593,4.562275758719998,4.562275758719998,0.0,0.0,0.0,0.0,37
multiedit,hidden_variable_pair,multi_edit_variable_addition,False,EIC-Greedy,30,L3,0.742504868603698,2.410179818150911,4.562275758719998,0.0,1.0,1.0,0.06940213303126935,37
multiedit,hidden_variable_pair,multi_edit_variable_addition,False,EIC-Beam,30,L3,0.968919462363404,0.22293618878758698,4.562275758719998,1.0,2.0,1.0,0.12173961994074822,37
multiedit,hidden_variable_pair,multi_edit_variable_addition,False,Oracle,30,L3,0.968919462363404,0.22293618878758698,4.562275758719998,1.0,2.0,1.0,0.12173961994074822,37
multiedit,hidden_variable_pair,multi_edit_variable_addition,False,Fixed-Frame,31,L3,0.5893751373930638,4.296551054478438,4.296551054478438,0.0,0.0,0.0,0.0,37
multiedit,hidden_variable_pair,multi_edit_variable_addition,False,EIC-Greedy,31,L3,0.7297889394963261,2.2833494984679823,4.296551054478438,0.0,1.0,1.0,0.07020690105163113,37
multiedit,hidden_variable_pair,multi_edit_variable_addition,False,EIC-Beam,31,L3,0.955294198371274,0.2885979839622398,4.296551054478438,1.0,2.0,1.0,0.12197302032607009,37
multiedit,hidden_variable_pair,multi_edit_variable_addition,False,Oracle,31,L3,0.955294198371274,0.2885979839622398,4.296551054478438,1.0,2.0,1.0,0.12197302032607009,37
multiedit,hidden_variable_pair,multi_edit_variable_addition,False,Fixed-Frame,32,L3,0.5695016567407638,4.3890612425878235,4.3890612425878235,0.0,0.0,0.0,0.0,37
multiedit,hidden_variable_pair,multi_edit_variable_addition,False,EIC-Greedy,32,L3,0.7227066948001178,2.2277807899080266,4.3890612425878235,0.0,1.0,1.0,0.07660251902967702,37
multiedit,hidden_variable_pair,multi_edit_variable_addition,False,EIC-Beam,32,L3,0.9650376044686139,0.21035463854628433,4.3890612425878235,1.0,2.0,1.0,0.13184531590928336,37
multiedit,hidden_variable_pair,multi_edit_variable_addition,False,Oracle,32,L3,0.9650376044686139,0.21035463854628433,4.3890612425878235,1.0,2.0,1.0,0.13184531590928336,37
multiedit,hidden_variable_pair,multi_edit_variable_addition,False,Fixed-Frame,33,L3,0.6030952682263502,4.330654550396285,4.330654550396285,0.0,0.0,0.0,0.0,37
multiedit,hidden_variable_pair,multi_edit_variable_addition,False,EIC-Greedy,33,L3,0.7464604277931496,2.235075255958289,4.330654550396285,0.0,1.0,1.0,0.0716825797833997,37
multiedit,hidden_variable_pair,multi_edit_variable_addition,False,EIC-Beam,33,L3,0.9553246836833132,0.3077299906870014,4.330654550396285,1.0,2.0,1.0,0.11740980515232102,37
multiedit,hidden_variable_pair,multi_edit_variable_addition,False,Oracle,33,L3,0.9553246836833132,0.3077299906870014,4.330654550396285,1.0,2.0,1.0,0.11740980515232102,37
multiedit,hidden_variable_pair,multi_edit_variable_addition,False,Fixed-Frame,34,L3,0.6148856222976009,4.542390118502022,4.542390118502022,0.0,0.0,0.0,0.0,37
multiedit,hidden_variable_pair,multi_edit_variable_addition,False,EIC-Greedy,34,L3,0.7645527626956654,2.2334445404902885,4.542390118502022,0.0,1.0,1.0,0.07483357019903225,37
multiedit,hidden_variable_pair,multi_edit_variable_addition,False,EIC-Beam,34,L3,0.9651330823749551,0.2620085050590444,4.542390118502022,1.0,2.0,1.0,0.11674915335911806,37
multiedit,hidden_variable_pair,multi_edit_variable_addition,False,Oracle,34,L3,0.9651330823749551,0.2620085050590444,4.542390118502022,1.0,2.0,1.0,0.11674915335911806,37
multiedit,hidden_variable_pair,multi_edit_variable_addition,False,Fixed-Frame,35,L3,0.5540394443508757,5.285217807325944,5.285217807325944,0.0,0.0,0.0,0.0,37
multiedit,hidden_variable_pair,multi_edit_variable_addition,False,EIC-Greedy,35,L3,0.7061973808974511,2.731723175499385,5.285217807325944,0.0,1.0,1.0,0.0760789682732877,37
multiedit,hidden_variable_pair,multi_edit_variable_addition,False,EIC-Beam,35,L3,0.9606758032017033,0.2687757828209044,5.285217807325944,1.0,2.0,1.0,0.13554545295027587,37
multiedit,hidden_variable_pair,multi_edit_variable_addition,False,Oracle,35,L3,0.9606758032017033,0.2687757828209044,5.285217807325944,1.0,2.0,1.0,0.13554545295027587,37
multiedit,hidden_variable_pair,multi_edit_variable_addition,False,Fixed-Frame,36,L3,0.6071338516931208,4.472415775969621,4.472415775969621,0.0,0.0,0.0,0.0,37
multiedit,hidden_variable_pair,multi_edit_variable_addition,False,EIC-Greedy,36,L3,0.7504711142859182,2.2980996489445458,4.472415775969621,0.0,1.0,1.0,0.07166863129639867,37
multiedit,hidden_variable_pair,multi_edit_variable_addition,False,EIC-Beam,36,L3,0.9682827850700886,0.22639917738654708,4.472415775969621,1.0,2.0,1.0,0.12038297779232258,37
multiedit,hidden_variable_pair,multi_edit_variable_addition,False,Oracle,36,L3,0.9682827850700886,0.22639917738654708,4.472415775969621,1.0,2.0,1.0,0.12038297779232258,37
multiedit,hidden_variable_pair,multi_edit_variable_addition,False,Fixed-Frame,37,L3,0.5978630261164647,4.815859921560727,4.815859921560727,0.0,0.0,0.0,0.0,37
multiedit,hidden_variable_pair,multi_edit_variable_addition,False,EIC-Greedy,37,L3,0.7449526637844051,2.4512841169626016,4.815859921560727,0.0,1.0,1.0,0.07354481883397018,37
multiedit,hidden_variable_pair,multi_edit_variable_addition,False,EIC-Beam,37,L3,0.9634984001312082,0.2712454356302955,4.815859921560727,1.0,2.0,1.0,0.12187845800491452,37
multiedit,hidden_variable_pair,multi_edit_variable_addition,False,Oracle,37,L3,0.9634984001312082,0.2712454356302955,4.815859921560727,1.0,2.0,1.0,0.12187845800491452,37
multiedit,hidden_variable_pair,multi_edit_variable_addition,False,Fixed-Frame,38,L3,0.5654224014845421,4.541468521298339,4.541468521298339,0.0,0.0,0.0,0.0,37
multiedit,hidden_variable_pair,multi_edit_variable_addition,False,EIC-Greedy,38,L3,0.723037246600696,2.2634071387665062,4.541468521298339,0.0,1.0,1.0,0.07880742255807693,37
multiedit,hidden_variable_pair,multi_edit_variable_addition,False,EIC-Beam,38,L3,0.9621276894453523,0.232590017675813,4.541468521298339,1.0,2.0,1.0,0.13223509598693672,37
multiedit,hidden_variable_pair,multi_edit_variable_addition,False,Oracle,38,L3,0.9621276894453523,0.232590017675813,4.541468521298339,1.0,2.0,1.0,0.13223509598693672,37
multiedit,hidden_variable_pair,multi_edit_variable_addition,False,Fixed-Frame,39,L3,0.6114226880319994,4.010860821845491,4.010860821845491,0.0,0.0,0.0,0.0,37
multiedit,hidden_variable_pair,multi_edit_variable_addition,False,EIC-Greedy,39,L3,0.767029348720305,1.9168623823783917,4.010860821845491,0.0,1.0,1.0,0.07780333034415282,37
multiedit,hidden_variable_pair,multi_edit_variable_addition,False,EIC-Beam,39,L3,0.9606389615754132,0.2585878130221502,4.010860821845491,1.0,2.0,1.0,0.11640542451447126,37
multiedit,hidden_variable_pair,multi_edit_variable_addition,False,Oracle,39,L3,0.9606389615754132,0.2585878130221502,4.010860821845491,1.0,2.0,1.0,0.11640542451447126,37
