suite,benchmark,defect,control,method,seed,level,performance,loss,initial_loss,frame_recovered,reframe_cost,reframed,fde,candidates,auc,selected_feature
realdata,breast_cancer_wisconsin,real_data_variable_addition,False,Fixed-Frame,0,real,0.7471605459729617,0.33840043534122594,0.33840043534122594,0.0,0.0,0.0,0.0,29,0.9256559766763848,none
realdata,breast_cancer_wisconsin,real_data_variable_addition,False,Flat-Search,0,real,0.8726641764793807,0.14591618053388483,0.33840043534122594,1.0,1.0,1.0,0.0627518152532095,29,0.9883381924198251,worst concave points
realdata,breast_cancer_wisconsin,real_data_variable_addition,False,MDL-Flat,0,real,0.8726641764793807,0.14591618053388483,0.33840043534122594,1.0,1.0,1.0,0.0627518152532095,29,0.9883381924198251,worst concave points
realdata,breast_cancer_wisconsin,real_data_variable_addition,False,EIC-Greedy,0,real,0.8726641764793807,0.14591618053388483,0.33840043534122594,1.0,1.0,1.0,0.0627518152532095,29,0.9883381924198251,worst concave points
realdata,breast_cancer_wisconsin,real_data_variable_addition,False,Oracle,0,real,0.8726641764793807,0.14591618053388483,0.33840043534122594,1.0,1.0,1.0,0.0627518152532095,29,0.9883381924198251,worst concave points
realdata,breast_cancer_wisconsin,real_data_variable_addition,False,Fixed-Frame,1,real,0.8020122198354587,0.2468637949246716,0.2468637949246716,0.0,0.0,0.0,0.0,29,0.951602564102564,none
realdata,breast_cancer_wisconsin,real_data_variable_addition,False,Flat-Search,1,real,0.8841691591819995,0.1310052941963765,0.2468637949246716,1.0,1.0,1.0,0.04107846967327039,29,0.9881410256410257,worst concave points
realdata,breast_cancer_wisconsin,real_data_variable_addition,False,MDL-Flat,1,real,0.8841691591819995,0.1310052941963765,0.2468637949246716,1.0,1.0,1.0,0.04107846967327039,29,0.9881410256410257,worst concave points
realdata,breast_cancer_wisconsin,real_data_variable_addition,False,EIC-Greedy,1,real,0.8841691591819995,0.1310052941963765,0.2468637949246716,1.0,1.0,1.0,0.04107846967327039,29,0.9881410256410257,worst concave points
realdata,breast_cancer_wisconsin,real_data_variable_addition,False,Oracle,1,real,0.8841691591819995,0.1310052941963765,0.2468637949246716,1.0,1.0,1.0,0.04107846967327039,29,0.9881410256410257,worst concave points
realdata,breast_cancer_wisconsin,real_data_variable_addition,False,Fixed-Frame,2,real,0.780035445044445,0.28199302525672,0.28199302525672,0.0,0.0,0.0,0.0,29,0.944027517198249,none
realdata,breast_cancer_wisconsin,real_data_variable_addition,False,Flat-Search,2,real,0.8696849231387319,0.14984171093935403,0.28199302525672,1.0,1.0,1.0,0.04482473904714346,29,0.9890556597873672,worst concave points
realdata,breast_cancer_wisconsin,real_data_variable_addition,False,MDL-Flat,2,real,0.8696849231387319,0.14984171093935403,0.28199302525672,1.0,1.0,1.0,0.04482473904714346,29,0.9890556597873672,worst concave points
realdata,breast_cancer_wisconsin,real_data_variable_addition,False,EIC-Greedy,2,real,0.8696849231387319,0.14984171093935403,0.28199302525672,1.0,1.0,1.0,0.04482473904714346,29,0.9890556597873672,worst concave points
realdata,breast_cancer_wisconsin,real_data_variable_addition,False,Oracle,2,real,0.8696849231387319,0.14984171093935403,0.28199302525672,1.0,1.0,1.0,0.04482473904714346,29,0.9890556597873672,worst concave points
realdata,breast_cancer_wisconsin,real_data_variable_addition,False,Fixed-Frame,3,real,0.7458183513018612,0.3408090565946154,0.3408090565946154,0.0,0.0,0.0,0.0,29,0.9133333333333334,none
realdata,breast_cancer_wisconsin,real_data_variable_addition,False,Flat-Search,3,real,0.8298130305415231,0.20509074116059064,0.3408090565946154,1.0,1.0,1.0,0.04199733961983093,29,0.9706060606060606,worst concave points
realdata,breast_cancer_wisconsin,real_data_variable_addition,False,MDL-Flat,3,real,0.8298130305415231,0.20509074116059064,0.3408090565946154,1.0,1.0,1.0,0.04199733961983093,29,0.9706060606060606,worst concave points
realdata,breast_cancer_wisconsin,real_data_variable_addition,False,EIC-Greedy,3,real,0.8298130305415231,0.20509074116059064,0.3408090565946154,1.0,1.0,1.0,0.04199733961983093,29,0.9706060606060606,worst concave points
realdata,breast_cancer_wisconsin,real_data_variable_addition,False,Oracle,3,real,0.8298130305415231,0.20509074116059064,0.3408090565946154,1.0,1.0,1.0,0.04199733961983093,29,0.9706060606060606,worst concave points
realdata,breast_cancer_wisconsin,real_data_variable_addition,False,Fixed-Frame,4,real,0.7964283207729758,0.2556057763358378,0.2556057763358378,0.0,0.0,0.0,0.0,29,0.9533085961657389,none
realdata,breast_cancer_wisconsin,real_data_variable_addition,False,Flat-Search,4,real,0.8858804678203079,0.1288204631720587,0.2556057763358378,1.0,1.0,1.0,0.04472607352366609,29,0.9981447124304267,worst smoothness
realdata,breast_cancer_wisconsin,real_data_variable_addition,False,MDL-Flat,4,real,0.8858804678203079,0.1288204631720587,0.2556057763358378,1.0,1.0,1.0,0.04472607352366609,29,0.9981447124304267,worst smoothness
realdata,breast_cancer_wisconsin,real_data_variable_addition,False,EIC-Greedy,4,real,0.8858804678203079,0.1288204631720587,0.2556057763358378,1.0,1.0,1.0,0.04472607352366609,29,0.9981447124304267,worst smoothness
realdata,breast_cancer_wisconsin,real_data_variable_addition,False,Oracle,4,real,0.8858804678203079,0.1288204631720587,0.2556057763358378,1.0,1.0,1.0,0.04472607352366609,29,0.9981447124304267,worst smoothness
realdata,breast_cancer_wisconsin,real_data_variable_addition,False,Fixed-Frame,5,real,0.8143362733359143,0.2279939292198265,0.2279939292198265,0.0,0.0,0.0,0.0,29,0.9618618618618618,none
realdata,breast_cancer_wisconsin,real_data_variable_addition,False,Flat-Search,5,real,0.8730904537678875,0.14535669893586028,0.2279939292198265,1.0,1.0,1.0,0.029377090215986612,29,0.9792792792792793,worst smoothness
realdata,breast_cancer_wisconsin,real_data_variable_addition,False,MDL-Flat,5,real,0.8730904537678875,0.14535669893586028,0.2279939292198265,1.0,1.0,1.0,0.029377090215986612,29,0.9792792792792793,worst smoothness
realdata,breast_cancer_wisconsin,real_data_variable_addition,False,EIC-Greedy,5,real,0.8730904537678875,0.14535669893586028,0.2279939292198265,1.0,1.0,1.0,0.029377090215986612,29,0.9792792792792793,worst smoothness
realdata,breast_cancer_wisconsin,real_data_variable_addition,False,Oracle,5,real,0.8730904537678875,0.14535669893586028,0.2279939292198265,1.0,1.0,1.0,0.029377090215986612,29,0.9792792792792793,worst smoothness
realdata,breast_cancer_wisconsin,real_data_variable_addition,False,Fixed-Frame,6,real,0.76160909835171,0.31300952439278956,0.31300952439278956,0.0,0.0,0.0,0.0,29,0.9501133786848073,none
realdata,breast_cancer_wisconsin,real_data_variable_addition,False,Flat-Search,6,real,0.8637430444015872,0.15775172544840982,0.31300952439278956,1.0,1.0,1.0,0.05106697302493862,29,0.9861111111111112,worst concave points
realdata,breast_cancer_wisconsin,real_data_variable_addition,False,MDL-Flat,6,real,0.8637430444015872,0.15775172544840982,0.31300952439278956,1.0,1.0,1.0,0.05106697302493862,29,0.9861111111111112,worst concave points
realdata,breast_cancer_wisconsin,real_data_variable_addition,False,EIC-Greedy,6,real,0.8637430444015872,0.15775172544840982,0.31300952439278956,1.0,1.0,1.0,0.05106697302493862,29,0.9861111111111112,worst concave points
realdata,breast_cancer_wisconsin,real_data_variable_addition,False,Oracle,6,real,0.8637430444015872,0.15775172544840982,0.31300952439278956,1.0,1.0,1.0,0.05106697302493862,29,0.9861111111111112,worst concave points
realdata,breast_cancer_wisconsin,real_data_variable_addition,False,Fixed-Frame,7,real,0.832509927072918,0.20118687775408564,0.20118687775408564,0.0,0.0,0.0,0.0,29,0.9806128830519074,none
realdata,breast_cancer_wisconsin,real_data_variable_addition,False,Flat-Search,7,real,0.9038963965596758,0.10632148087557888,0.20118687775408564,1.0,1.0,1.0,0.03569323474337888,29,0.9949968730456535,worst concave points
realdata,breast_cancer_wisconsin,real_data_variable_addition,False,MDL-Flat,7,real,0.9038963965596758,0.10632148087557888,0.20118687775408564,1.0,1.0,1.0,0.03569323474337888,29,0.9949968730456535,worst concave points
realdata,breast_cancer_wisconsin,real_data_variable_addition,False,EIC-Greedy,7,real,0.9038963965596758,0.10632148087557888,0.20118687775408564,1.0,1.0,1.0,0.03569323474337888,29,0.9949968730456535,worst concave points
realdata,breast_cancer_wisconsin,real_data_variable_addition,False,Oracle,7,real,0.9038963965596758,0.10632148087557888,0.20118687775408564,1.0,1.0,1.0,0.03569323474337888,29,0.9949968730456535,worst concave points
realdata,breast_cancer_wisconsin,real_data_variable_addition,False,Fixed-Frame,8,real,0.7866086624964609,0.27128017739634186,0.27128017739634186,0.0,0.0,0.0,0.0,29,0.9471471471471471,none
realdata,breast_cancer_wisconsin,real_data_variable_addition,False,Flat-Search,8,real,0.8284725022582212,0.2070406649276049,0.27128017739634186,1.0,1.0,1.0,0.020931919880880168,29,0.9744744744744744,mean concave points
realdata,breast_cancer_wisconsin,real_data_variable_addition,False,MDL-Flat,8,real,0.8284725022582212,0.2070406649276049,0.27128017739634186,1.0,1.0,1.0,0.020931919880880168,29,0.9744744744744744,mean concave points
realdata,breast_cancer_wisconsin,real_data_variable_addition,False,EIC-Greedy,8,real,0.8284725022582212,0.2070406649276049,0.27128017739634186,1.0,1.0,1.0,0.020931919880880168,29,0.9744744744744744,mean concave points
realdata,breast_cancer_wisconsin,real_data_variable_addition,False,Oracle,8,real,0.8284725022582212,0.2070406649276049,0.27128017739634186,1.0,1.0,1.0,0.020931919880880168,29,0.9744744744744744,mean concave points
realdata,breast_cancer_wisconsin,real_data_variable_addition,False,Fixed-Frame,9,real,0.7477894350854289,0.33727484380112716,0.33727484380112716,0.0,0.0,0.0,0.0,29,0.927405247813411,none
realdata,breast_cancer_wisconsin,real_data_variable_addition,False,Flat-Search,9,real,0.8679904762701646,0.15208637345549283,0.33727484380112716,1.0,1.0,1.0,0.06010052059236781,29,0.9860058309037901,worst concave points
realdata,breast_cancer_wisconsin,real_data_variable_addition,False,MDL-Flat,9,real,0.8679904762701646,0.15208637345549283,0.33727484380112716,1.0,1.0,1.0,0.06010052059236781,29,0.9860058309037901,worst concave points
realdata,breast_cancer_wisconsin,real_data_variable_addition,False,EIC-Greedy,9,real,0.8679904762701646,0.15208637345549283,0.33727484380112716,1.0,1.0,1.0,0.06010052059236781,29,0.9860058309037901,worst concave points
realdata,breast_cancer_wisconsin,real_data_variable_addition,False,Oracle,9,real,0.8679904762701646,0.15208637345549283,0.33727484380112716,1.0,1.0,1.0,0.06010052059236781,29,0.9860058309037901,worst concave points
realdata,breast_cancer_wisconsin,real_data_variable_addition,False,Fixed-Frame,10,real,0.7903474034391964,0.2652663824142401,0.2652663824142401,0.0,0.0,0.0,0.0,29,0.9481818181818181,none
realdata,breast_cancer_wisconsin,real_data_variable_addition,False,Flat-Search,10,real,0.838264780527316,0.19294049234770821,0.2652663824142401,1.0,1.0,1.0,0.023958688544059803,29,0.9712121212121212,worst smoothness
realdata,breast_cancer_wisconsin,real_data_variable_addition,False,MDL-Flat,10,real,0.838264780527316,0.19294049234770821,0.2652663824142401,1.0,1.0,1.0,0.023958688544059803,29,0.9712121212121212,worst smoothness
realdata,breast_cancer_wisconsin,real_data_variable_addition,False,EIC-Greedy,10,real,0.838264780527316,0.19294049234770821,0.2652663824142401,1.0,1.0,1.0,0.023958688544059803,29,0.9712121212121212,worst smoothness
realdata,breast_cancer_wisconsin,real_data_variable_addition,False,Oracle,10,real,0.838264780527316,0.19294049234770821,0.2652663824142401,1.0,1.0,1.0,0.023958688544059803,29,0.9712121212121212,worst smoothness
realdata,breast_cancer_wisconsin,real_data_variable_addition,False,Fixed-Frame,11,real,0.7442312418273603,0.34366839739841293,0.34366839739841293,0.0,0.0,0.0,0.0,29,0.9242165242165241,none
realdata,breast_cancer_wisconsin,real_data_variable_addition,False,Flat-Search,11,real,0.8598801279203914,0.16295279717474886,0.34366839739841293,1.0,1.0,1.0,0.05782444304651552,29,0.9866096866096867,worst concave points
realdata,breast_cancer_wisconsin,real_data_variable_addition,False,MDL-Flat,11,real,0.8598801279203914,0.16295279717474886,0.34366839739841293,1.0,1.0,1.0,0.05782444304651552,29,0.9866096866096867,worst concave points
realdata,breast_cancer_wisconsin,real_data_variable_addition,False,EIC-Greedy,11,real,0.8598801279203914,0.16295279717474886,0.34366839739841293,1.0,1.0,1.0,0.05782444304651552,29,0.9866096866096867,worst concave points
realdata,breast_cancer_wisconsin,real_data_variable_addition,False,Oracle,11,real,0.8598801279203914,0.16295279717474886,0.34366839739841293,1.0,1.0,1.0,0.05782444304651552,29,0.9866096866096867,worst concave points
realdata,breast_cancer_wisconsin,real_data_variable_addition,False,Fixed-Frame,12,real,0.7942680856644224,0.2590207488488958,0.2590207488488958,0.0,0.0,0.0,0.0,29,0.9570512820512821,none
realdata,breast_cancer_wisconsin,real_data_variable_addition,False,Flat-Search,12,real,0.8968947368308829,0.11495804238235639,0.2590207488488958,1.0,1.0,1.0,0.05131332558323026,29,0.9926282051282052,worst concave points
realdata,breast_cancer_wisconsin,real_data_variable_addition,False,MDL-Flat,12,real,0.8968947368308829,0.11495804238235639,0.2590207488488958,1.0,1.0,1.0,0.05131332558323026,29,0.9926282051282052,worst concave points
realdata,breast_cancer_wisconsin,real_data_variable_addition,False,EIC-Greedy,12,real,0.8968947368308829,0.11495804238235639,0.2590207488488958,1.0,1.0,1.0,0.05131332558323026,29,0.9926282051282052,worst concave points
realdata,breast_cancer_wisconsin,real_data_variable_addition,False,Oracle,12,real,0.8968947368308829,0.11495804238235639,0.2590207488488958,1.0,1.0,1.0,0.05131332558323026,29,0.9926282051282052,worst concave points
realdata,breast_cancer_wisconsin,real_data_variable_addition,False,Fixed-Frame,13,real,0.7857703288179424,0.27263649863736866,0.27263649863736866,0.0,0.0,0.0,0.0,29,0.9536052009456264,none
realdata,breast_cancer_wisconsin,real_data_variable_addition,False,Flat-Search,13,real,0.8775236556559805,0.13957041904752318,0.27263649863736866,1.0,1.0,1.0,0.045876663419019026,29,0.989952718676123,worst smoothness
realdata,breast_cancer_wisconsin,real_data_variable_addition,False,MDL-Flat,13,real,0.8775236556559805,0.13957041904752318,0.27263649863736866,1.0,1.0,1.0,0.045876663419019026,29,0.989952718676123,worst smoothness
realdata,breast_cancer_wisconsin,real_data_variable_addition,False,EIC-Greedy,13,real,0.8775236556559805,0.13957041904752318,0.27263649863736866,1.0,1.0,1.0,0.045876663419019026,29,0.989952718676123,worst smoothness
realdata,breast_cancer_wisconsin,real_data_variable_addition,False,Oracle,13,real,0.8775236556559805,0.13957041904752318,0.27263649863736866,1.0,1.0,1.0,0.045876663419019026,29,0.989952718676123,worst smoothness
realdata,breast_cancer_wisconsin,real_data_variable_addition,False,Fixed-Frame,14,real,0.7842020363797102,0.275181590469373,0.275181590469373,0.0,0.0,0.0,0.0,29,0.9405405405405405,none
realdata,breast_cancer_wisconsin,real_data_variable_addition,False,Flat-Search,14,real,0.8953551888887237,0.11687519367722331,0.275181590469373,1.0,1.0,1.0,0.05557657625450674,29,0.9921921921921922,worst concave points
realdata,breast_cancer_wisconsin,real_data_variable_addition,False,MDL-Flat,14,real,0.8953551888887237,0.11687519367722331,0.275181590469373,1.0,1.0,1.0,0.05557657625450674,29,0.9921921921921922,worst concave points
realdata,breast_cancer_wisconsin,real_data_variable_addition,False,EIC-Greedy,14,real,0.8953551888887237,0.11687519367722331,0.275181590469373,1.0,1.0,1.0,0.05557657625450674,29,0.9921921921921922,worst concave points
realdata,breast_cancer_wisconsin,real_data_variable_addition,False,Oracle,14,real,0.8953551888887237,0.11687519367722331,0.275181590469373,1.0,1.0,1.0,0.05557657625450674,29,0.9921921921921922,worst concave points
realdata,breast_cancer_wisconsin,real_data_variable_addition,False,Fixed-Frame,15,real,0.7885304837974618,0.26818178947772314,0.26818178947772314,0.0,0.0,0.0,0.0,29,0.9574042309891366,none
realdata,breast_cancer_wisconsin,real_data_variable_addition,False,Flat-Search,15,real,0.8604275916527488,0.16221284591670762,0.26818178947772314,1.0,1.0,1.0,0.03594855392764351,29,0.9834190966266438,worst concave points
realdata,breast_cancer_wisconsin,real_data_variable_addition,False,MDL-Flat,15,real,0.8604275916527488,0.16221284591670762,0.26818178947772314,1.0,1.0,1.0,0.03594855392764351,29,0.9834190966266438,worst concave points
realdata,breast_cancer_wisconsin,real_data_variable_addition,False,EIC-Greedy,15,real,0.8604275916527488,0.16221284591670762,0.26818178947772314,1.0,1.0,1.0,0.03594855392764351,29,0.9834190966266438,worst concave points
realdata,breast_cancer_wisconsin,real_data_variable_addition,False,Oracle,15,real,0.8604275916527488,0.16221284591670762,0.26818178947772314,1.0,1.0,1.0,0.03594855392764351,29,0.9834190966266438,worst concave points
realdata,breast_cancer_wisconsin,real_data_variable_addition,False,Fixed-Frame,16,real,0.7968288269188434,0.25497467739310287,0.25497467739310287,0.0,0.0,0.0,0.0,29,0.967789598108747,none
realdata,breast_cancer_wisconsin,real_data_variable_addition,False,Flat-Search,16,real,0.8928158518547935,0.12005179782878533,0.25497467739310287,1.0,1.0,1.0,0.047993512467975064,29,0.9934988179669031,worst concave points
realdata,breast_cancer_wisconsin,real_data_variable_addition,False,MDL-Flat,16,real,0.8928158518547935,0.12005179782878533,0.25497467739310287,1.0,1.0,1.0,0.047993512467975064,29,0.9934988179669031,worst concave points
realdata,breast_cancer_wisconsin,real_data_variable_addition,False,EIC-Greedy,16,real,0.8928158518547935,0.12005179782878533,0.25497467739310287,1.0,1.0,1.0,0.047993512467975064,29,0.9934988179669031,worst concave points
realdata,breast_cancer_wisconsin,real_data_variable_addition,False,Oracle,16,real,0.8928158518547935,0.12005179782878533,0.25497467739310287,1.0,1.0,1.0,0.047993512467975064,29,0.9934988179669031,worst concave points
realdata,breast_cancer_wisconsin,real_data_variable_addition,False,Fixed-Frame,17,real,0.791595655847279,0.2632712074823817,0.2632712074823817,0.0,0.0,0.0,0.0,29,0.9518454440599771,none
realdata,breast_cancer_wisconsin,real_data_variable_addition,False,Flat-Search,17,real,0.847125710519323,0.18046234175439996,0.2632712074823817,1.0,1.0,1.0,0.027765027336021986,29,0.9760668973471742,worst smoothness
realdata,breast_cancer_wisconsin,real_data_variable_addition,False,MDL-Flat,17,real,0.847125710519323,0.18046234175439996,0.2632712074823817,1.0,1.0,1.0,0.027765027336021986,29,0.9760668973471742,worst smoothness
realdata,breast_cancer_wisconsin,real_data_variable_addition,False,EIC-Greedy,17,real,0.847125710519323,0.18046234175439996,0.2632712074823817,1.0,1.0,1.0,0.027765027336021986,29,0.9760668973471742,worst smoothness
realdata,breast_cancer_wisconsin,real_data_variable_addition,False,Oracle,17,real,0.847125710519323,0.18046234175439996,0.2632712074823817,1.0,1.0,1.0,0.027765027336021986,29,0.9760668973471742,worst smoothness
realdata,breast_cancer_wisconsin,real_data_variable_addition,False,Fixed-Frame,18,real,0.7558405441057349,0.3230303769734131,0.3230303769734131,0.0,0.0,0.0,0.0,29,0.9285285285285285,none
realdata,breast_cancer_wisconsin,real_data_variable_addition,False,Flat-Search,18,real,0.8690159224380876,0.15072690175161244,0.3230303769734131,1.0,1.0,1.0,0.05658768916617635,29,0.9816816816816816,worst concave points
realdata,breast_cancer_wisconsin,real_data_variable_addition,False,MDL-Flat,18,real,0.8690159224380876,0.15072690175161244,0.3230303769734131,1.0,1.0,1.0,0.05658768916617635,29,0.9816816816816816,worst concave points
realdata,breast_cancer_wisconsin,real_data_variable_addition,False,EIC-Greedy,18,real,0.8690159224380876,0.15072690175161244,0.3230303769734131,1.0,1.0,1.0,0.05658768916617635,29,0.9816816816816816,worst concave points
realdata,breast_cancer_wisconsin,real_data_variable_addition,False,Oracle,18,real,0.8690159224380876,0.15072690175161244,0.3230303769734131,1.0,1.0,1.0,0.05658768916617635,29,0.9816816816816816,worst concave points
realdata,breast_cancer_wisconsin,real_data_variable_addition,False,Fixed-Frame,19,real,0.7834778964788738,0.2763601940708542,0.2763601940708542,0.0,0.0,0.0,0.0,29,0.9310575635876841,none
realdata,breast_cancer_wisconsin,real_data_variable_addition,False,Flat-Search,19,real,0.8928356791774094,0.12002692468710882,0.2763601940708542,1.0,1.0,1.0,0.05467889134926779,29,0.9956492637215529,worst smoothness
realdata,breast_cancer_wisconsin,real_data_variable_addition,False,MDL-Flat,19,real,0.8928356791774094,0.12002692468710882,0.2763601940708542,1.0,1.0,1.0,0.05467889134926779,29,0.9956492637215529,worst smoothness
realdata,breast_cancer_wisconsin,real_data_variable_addition,False,EIC-Greedy,19,real,0.8928356791774094,0.12002692468710882,0.2763601940708542,1.0,1.0,1.0,0.05467889134926779,29,0.9956492637215529,worst smoothness
realdata,breast_cancer_wisconsin,real_data_variable_addition,False,Oracle,19,real,0.8928356791774094,0.12002692468710882,0.2763601940708542,1.0,1.0,1.0,0.05467889134926779,29,0.9956492637215529,worst smoothness
realdata,breast_cancer_wisconsin,real_data_variable_addition,False,Fixed-Frame,20,real,0.817377163327311,0.22342542080486197,0.22342542080486197,0.0,0.0,0.0,0.0,29,0.9734042553191489,none
realdata,breast_cancer_wisconsin,real_data_variable_addition,False,Flat-Search,20,real,0.8818348448180908,0.13399919029768542,0.22342542080486197,1.0,1.0,1.0,0.0322288407453899,29,0.9899527186761229,worst concave points
realdata,breast_cancer_wisconsin,real_data_variable_addition,False,MDL-Flat,20,real,0.8818348448180908,0.13399919029768542,0.22342542080486197,1.0,1.0,1.0,0.0322288407453899,29,0.9899527186761229,worst concave points
realdata,breast_cancer_wisconsin,real_data_variable_addition,False,EIC-Greedy,20,real,0.8818348448180908,0.13399919029768542,0.22342542080486197,1.0,1.0,1.0,0.0322288407453899,29,0.9899527186761229,worst concave points
realdata,breast_cancer_wisconsin,real_data_variable_addition,False,Oracle,20,real,0.8818348448180908,0.13399919029768542,0.22342542080486197,1.0,1.0,1.0,0.0322288407453899,29,0.9899527186761229,worst concave points
realdata,breast_cancer_wisconsin,real_data_variable_addition,False,Fixed-Frame,21,real,0.738063481966736,0.35489700335162955,0.35489700335162955,0.0,0.0,0.0,0.0,29,0.9048484848484848,none
realdata,breast_cancer_wisconsin,real_data_variable_addition,False,Flat-Search,21,real,0.863636236590933,0.15789490717450821,0.35489700335162955,1.0,1.0,1.0,0.06278637731209852,29,0.9857575757575758,worst concave points
realdata,breast_cancer_wisconsin,real_data_variable_addition,False,MDL-Flat,21,real,0.863636236590933,0.15789490717450821,0.35489700335162955,1.0,1.0,1.0,0.06278637731209852,29,0.9857575757575758,worst concave points
realdata,breast_cancer_wisconsin,real_data_variable_addition,False,EIC-Greedy,21,real,0.863636236590933,0.15789490717450821,0.35489700335162955,1.0,1.0,1.0,0.06278637731209852,29,0.9857575757575758,worst concave points
realdata,breast_cancer_wisconsin,real_data_variable_addition,False,Oracle,21,real,0.863636236590933,0.15789490717450821,0.35489700335162955,1.0,1.0,1.0,0.06278637731209852,29,0.9857575757575758,worst concave points
realdata,breast_cancer_wisconsin,real_data_variable_addition,False,Fixed-Frame,22,real,0.7332203066564071,0.3638465696076364,0.3638465696076364,0.0,0.0,0.0,0.0,29,0.9086956521739131,none
realdata,breast_cancer_wisconsin,real_data_variable_addition,False,Flat-Search,22,real,0.863205918872151,0.1584721306204453,0.3638465696076364,1.0,1.0,1.0,0.06499280610787195,29,0.9921739130434782,worst smoothness
realdata,breast_cancer_wisconsin,real_data_variable_addition,False,MDL-Flat,22,real,0.863205918872151,0.1584721306204453,0.3638465696076364,1.0,1.0,1.0,0.06499280610787195,29,0.9921739130434782,worst smoothness
realdata,breast_cancer_wisconsin,real_data_variable_addition,False,EIC-Greedy,22,real,0.863205918872151,0.1584721306204453,0.3638465696076364,1.0,1.0,1.0,0.06499280610787195,29,0.9921739130434782,worst smoothness
realdata,breast_cancer_wisconsin,real_data_variable_addition,False,Oracle,22,real,0.863205918872151,0.1584721306204453,0.3638465696076364,1.0,1.0,1.0,0.06499280610787195,29,0.9921739130434782,worst smoothness
realdata,breast_cancer_wisconsin,real_data_variable_addition,False,Fixed-Frame,23,real,0.8341616904128023,0.19880835033928398,0.19880835033928398,0.0,0.0,0.0,0.0,29,0.9794600938967136,none
realdata,breast_cancer_wisconsin,real_data_variable_addition,False,Flat-Search,23,real,0.9061252330347431,0.10360021279934653,0.19880835033928398,1.0,1.0,1.0,0.03598177131097041,29,0.9958920187793427,worst concave points
realdata,breast_cancer_wisconsin,real_data_variable_addition,False,MDL-Flat,23,real,0.9061252330347431,0.10360021279934653,0.19880835033928398,1.0,1.0,1.0,0.03598177131097041,29,0.9958920187793427,worst concave points
realdata,breast_cancer_wisconsin,real_data_variable_addition,False,EIC-Greedy,23,real,0.9061252330347431,0.10360021279934653,0.19880835033928398,1.0,1.0,1.0,0.03598177131097041,29,0.9958920187793427,worst concave points
realdata,breast_cancer_wisconsin,real_data_variable_addition,False,Oracle,23,real,0.9061252330347431,0.10360021279934653,0.19880835033928398,1.0,1.0,1.0,0.03598177131097041,29,0.9958920187793427,worst concave points
realdata,breast_cancer_wisconsin,real_data_variable_addition,False,Fixed-Frame,24,real,0.8140679030010132,0.2283987568034056,0.2283987568034056,0.0,0.0,0.0,0.0,29,0.9682215743440232,none
realdata,breast_cancer_wisconsin,real_data_variable_addition,False,Flat-Search,24,real,0.8917035483820437,0.1214489409787092,0.2283987568034056,1.0,1.0,1.0,0.03881782269051526,29,0.9962099125364432,worst smoothness
realdata,breast_cancer_wisconsin,real_data_variable_addition,False,MDL-Flat,24,real,0.8917035483820437,0.1214489409787092,0.2283987568034056,1.0,1.0,1.0,0.03881782269051526,29,0.9962099125364432,worst smoothness
realdata,breast_cancer_wisconsin,real_data_variable_addition,False,EIC-Greedy,24,real,0.8917035483820437,0.1214489409787092,0.2283987568034056,1.0,1.0,1.0,0.03881782269051526,29,0.9962099125364432,worst smoothness
realdata,breast_cancer_wisconsin,real_data_variable_addition,False,Oracle,24,real,0.8917035483820437,0.1214489409787092,0.2283987568034056,1.0,1.0,1.0,0.03881782269051526,29,0.9962099125364432,worst smoothness
realdata,breast_cancer_wisconsin,real_data_variable_addition,False,Fixed-Frame,25,real,0.7802812427894082,0.28158918241469527,0.28158918241469527,0.0,0.0,0.0,0.0,29,0.9363017934446506,none
realdata,breast_cancer_wisconsin,real_data_variable_addition,False,Flat-Search,25,real,0.8821125628107258,0.13364217012582008,0.28158918241469527,1.0,1.0,1.0,0.05091566001065878,29,0.9891774891774892,worst smoothness
realdata,breast_cancer_wisconsin,real_data_variable_addition,False,MDL-Flat,25,real,0.8821125628107258,0.13364217012582008,0.28158918241469527,1.0,1.0,1.0,0.05091566001065878,29,0.9891774891774892,worst smoothness
realdata,breast_cancer_wisconsin,real_data_variable_addition,False,EIC-Greedy,25,real,0.8821125628107258,0.13364217012582008,0.28158918241469527,1.0,1.0,1.0,0.05091566001065878,29,0.9891774891774892,worst smoothness
realdata,breast_cancer_wisconsin,real_data_variable_addition,False,Oracle,25,real,0.8821125628107258,0.13364217012582008,0.28158918241469527,1.0,1.0,1.0,0.05091566001065878,29,0.9891774891774892,worst smoothness
realdata,breast_cancer_wisconsin,real_data_variable_addition,False,Fixed-Frame,26,real,0.7617035949283582,0.31284663307129956,0.31284663307129956,0.0,0.0,0.0,0.0,29,0.9315068493150686,none
realdata,breast_cancer_wisconsin,real_data_variable_addition,False,Flat-Search,26,real,0.8825749233226019,0.13304828131228982,0.31284663307129956,1.0,1.0,1.0,0.060435664197121874,29,0.9898749255509232,worst concave points
realdata,breast_cancer_wisconsin,real_data_variable_addition,False,MDL-Flat,26,real,0.8825749233226019,0.13304828131228982,0.31284663307129956,1.0,1.0,1.0,0.060435664197121874,29,0.9898749255509232,worst concave points
realdata,breast_cancer_wisconsin,real_data_variable_addition,False,EIC-Greedy,26,real,0.8825749233226019,0.13304828131228982,0.31284663307129956,1.0,1.0,1.0,0.060435664197121874,29,0.9898749255509232,worst concave points
realdata,breast_cancer_wisconsin,real_data_variable_addition,False,Oracle,26,real,0.8825749233226019,0.13304828131228982,0.31284663307129956,1.0,1.0,1.0,0.060435664197121874,29,0.9898749255509232,worst concave points
realdata,breast_cancer_wisconsin,real_data_variable_addition,False,Fixed-Frame,27,real,0.7863672903240987,0.2716703915645491,0.2716703915645491,0.0,0.0,0.0,0.0,29,0.9478856462179869,none
realdata,breast_cancer_wisconsin,real_data_variable_addition,False,Flat-Search,27,real,0.8933016851181925,0.11944264368838647,0.2716703915645491,1.0,1.0,1.0,0.05346719739704692,29,0.9961286480047647,worst smoothness
realdata,breast_cancer_wisconsin,real_data_variable_addition,False,MDL-Flat,27,real,0.8933016851181925,0.11944264368838647,0.2716703915645491,1.0,1.0,1.0,0.05346719739704692,29,0.9961286480047647,worst smoothness
realdata,breast_cancer_wisconsin,real_data_variable_addition,False,EIC-Greedy,27,real,0.8933016851181925,0.11944264368838647,0.2716703915645491,1.0,1.0,1.0,0.05346719739704692,29,0.9961286480047647,worst smoothness
realdata,breast_cancer_wisconsin,real_data_variable_addition,False,Oracle,27,real,0.8933016851181925,0.11944264368838647,0.2716703915645491,1.0,1.0,1.0,0.05346719739704692,29,0.9961286480047647,worst smoothness
realdata,breast_cancer_wisconsin,real_data_variable_addition,False,Fixed-Frame,28,real,0.8058090968481656,0.24098872041950256,0.24098872041950256,0.0,0.0,0.0,0.0,29,0.9697769953051644,none
realdata,breast_cancer_wisconsin,real_data_variable_addition,False,Flat-Search,28,real,0.8602631233051014,0.16243504215086474,0.24098872041950256,1.0,1.0,1.0,0.027227013228467878,29,0.9803403755868545,worst smoothness
realdata,breast_cancer_wisconsin,real_data_variable_addition,False,MDL-Flat,28,real,0.8602631233051014,0.16243504215086474,0.24098872041950256,1.0,1.0,1.0,0.027227013228467878,29,0.9803403755868545,worst smoothness
realdata,breast_cancer_wisconsin,real_data_variable_addition,False,EIC-Greedy,28,real,0.8602631233051014,0.16243504215086474,0.24098872041950256,1.0,1.0,1.0,0.027227013228467878,29,0.9803403755868545,worst smoothness
realdata,breast_cancer_wisconsin,real_data_variable_addition,False,Oracle,28,real,0.8602631233051014,0.16243504215086474,0.24098872041950256,1.0,1.0,1.0,0.027227013228467878,29,0.9803403755868545,worst smoothness
realdata,breast_cancer_wisconsin,real_data_variable_addition,False,Fixed-Frame,29,real,0.8111983132029756,0.2327441807066271,0.2327441807066271,0.0,0.0,0.0,0.0,29,0.9677230046948357,none
realdata,breast_cancer_wisconsin,real_data_variable_addition,False,Flat-Search,29,real,0.8596488868692644,0.16326562539024167,0.2327441807066271,1.0,1.0,1.0,0.0242252868331444,29,0.9794600938967136,worst symmetry
realdata,breast_cancer_wisconsin,real_data_variable_addition,False,MDL-Flat,29,real,0.8596488868692644,0.16326562539024167,0.2327441807066271,1.0,1.0,1.0,0.0242252868331444,29,0.9794600938967136,worst symmetry
realdata,breast_cancer_wisconsin,real_data_variable_addition,False,EIC-Greedy,29,real,0.8596488868692644,0.16326562539024167,0.2327441807066271,1.0,1.0,1.0,0.0242252868331444,29,0.9794600938967136,worst symmetry
realdata,breast_cancer_wisconsin,real_data_variable_addition,False,Oracle,29,real,0.8596488868692644,0.16326562539024167,0.2327441807066271,1.0,1.0,1.0,0.0242252868331444,29,0.9794600938967136,worst symmetry
